{
    "value0": {
        "value0": {
            "value0": [
                {
                    "value0": "new source",
                    "value1": [
                        -7.629394360719744e-8,
                        1.5,
                        0.0000010681152389224736
                    ]
                }
            ]
        },
        "value1": {
            "value0": [
                {
                    "value0": {
                        "value0": [
                            {
                                "value0": {
                                    "value0": {
                                        "value0": {
                                            "orientation": {
                                                "pointing": [
                                                    0.0,
                                                    0.0,
                                                    1.0
                                                ],
                                                "up": [
                                                    0.0,
                                                    1.0,
                                                    0.0
                                                ]
                                            },
                                            "shape": 0.0
                                        }
                                    },
                                    "value1": {
                                        "value0": {
                                            "orientation": {
                                                "pointing": [
                                                    0.0,
                                                    0.0,
                                                    -1.0
                                                ],
                                                "up": [
                                                    0.0,
                                                    1.0,
                                                    0.0
                                                ]
                                            },
                                            "channel": 0,
                                            "radius": 0.10000000149011612
                                        }
                                    }
                                },
                                "value1": "left ear",
                                "value2": 2
                            },
                            {
                                "value0": {
                                    "value0": {
                                        "value0": {
                                            "orientation": {
                                                "pointing": [
                                                    0.0,
                                                    0.0,
                                                    1.0
                                                ],
                                                "up": [
                                                    0.0,
                                                    1.0,
                                                    0.0
                                                ]
                                            },
                                            "shape": 0.0
                                        }
                                    },
                                    "value1": {
                                        "value0": {
                                            "orientation": {
                                                "pointing": [
                                                    0.0,
                                                    0.0,
                                                    -1.0
                                                ],
                                                "up": [
                                                    0.0,
                                                    1.0,
                                                    0.0
                                                ]
                                            },
                                            "channel": 1,
                                            "radius": 0.10000000149011612
                                        }
                                    }
                                },
                                "value1": "right ear",
                                "value2": 2
                            }
                        ]
                    },
                    "value1": "new receiver",
                    "value2": [
                        -10.0,
                        1.5,
                        -9.999999046325684
                    ],
                    "value3": {
                        "pointing": [
                            -8.742277657347586e-8,
                            0.0,
                            1.0
                        ],
                        "up": [
                            0.0,
                            1.0,
                            0.0
                        ]
                    }
                }
            ]
        },
        "value2": {
            "value0": 1,
            "value1": 4
        },
        "value3": {
            "value0": {
                "value0": {
                    "value0": 200.0,
                    "value1": 0.6
                },
                "value1": {
                    "value0": 2,
                    "value1": 500.0,
                    "value2": 0.6
                }
            },
            "value1": 0
        },
        "value4": {
            "value0": [
                {
                    "value0": "DefaultMaterial",
                    "value1": {
                        "absorption": [
                            0.05000000074505806,
                            0.05000000074505806,
                            0.05000000074505806,
                            0.05000000074505806,
                            0.05000000074505806,
                            0.05000000074505806,
                            0.05000000074505806,
                            0.05000000074505806
                        ],
                        "scattering": [
                            0.05000000074505806,
                            0.05000000074505806,
                            0.05000000074505806,
                            0.05000000074505806,
                            0.05000000074505806,
                            0.05000000074505806,
                            0.05000000074505806,
                            0.05000000074505806
                        ]
                    }
                },
                {
                    "value0": "FrontColor",
                    "value1": {
                        "absorption": [
                            0.25,
                            0.3199999928474426,
                            0.44999998807907107,
                            0.5299999713897705,
                            0.5400000214576721,
                            0.5799999833106995,
                            0.6399999856948853,
                            0.6700000166893005
                        ],