{
    "value0": [
        {
            "sloping_fitted_0": {
                "reflectance": {
                    "b": {
                        "value0": 0.0411363319751617,
                        "value1": 0.05941007228972172,
                        "value2": 0.008864824761937304,
                        "value3": -0.05216890967329913,
                        "value4": -0.04719680441061424,
                        "value5": 0.007298308158320156,
                        "value6": 0.023223411000145998
                    },
                    "a": {
                        "value0": 1.0,
                        "value1": -1.8555864796213038,
                        "value2": 1.4391734464366973,
                        "value3": -0.8866990433889156,
                        "value4": 0.4720482399313005,
                        "value5": -0.12576134663985717,
                        "value6": 0.011299435714925477
                    }
                },
                "impedance": {
                    "b": {
                        "value0": 1.0858022539531574,
                        "value1": -1.873234399454849,
                        "value2": 1.5101607449382726,
                        "value3": -0.9791464463307773,
                        "value4": 0.443078040902141,
                        "value5": -0.12354523633746476,
                        "value6": 0.036003915745587717
                    },
                    "a": {
                        "value0": 0.9999999999999999,
                        "value1": -1.9971520621442707,
                        "value2": 1.491670473468924,
                        "value3": -0.8703324169479313,
                        "value4": 0.5415212419211865,
                        "value5": -0.13876806394413367,
                        "value6": -0.012435527262997352
                    }
                }
            }
        },
        {
            "sloping_fitted_1": {
                "reflectance": {
                    "b": {
                        "value0": 0.6499504696881003,
                        "value1": -0.08764675257806487,
                        "value2": -0.38240933764026377,
                        "value3": -0.08034348252067222,
                        "value4": -0.13629527656450858,
                        "value5": 0.1385045553221131,
                        "value6": 0.013376419220365551
                    },
                    "a": {
                        "value0": 1.0,
                        "value1": -0.6956044921999391,
                        "value2": 0.1939277934547215,
                        "value3": -0.48672424161682989,
                        "value4": 0.10987558632607582,
                        "value5": 0.03552049320594231,
                        "value6": 0.02312847701442352
                    }
                },
                "impedance": {
                    "b": {
                        "value0": 4.7134771705534599,
                        "value1": -2.2375440529233527,
                        "value2": -0.5384424998873794,
                        "value3": -1.6199642480086625,
                        "value4": -0.07547414851518981,
                        "value5": 0.4971440709347512,
                        "value6": 0.10428494562544516
                    },
                    "a": {
                        "value0": 1.0,
                        "value1": -1.7367763329954316,
                        "value2": 1.646444520526737,
                        "value3": -1.160923594824041,
                        "value4": 0.7032458025903998,
                        "value5": -0.2941985439158006,
                        "value6": 0.027859079786134067
                    }
                }
            }
        },
        {
            "sudden": {
                "reflectance": {
                    "b": {
                        "value0": 0.09385764068494169,
                        "value1": 0.012896398008564727,
                        "value2": -0.09065810101249265,
                        "value3": -0.056533227936126088,
                        "value4": 0.05630874499962373,
                        "value5": 0.06941023114479497,
                        "value6": -0.032588414910660137
                    },
                    "a": {
                        "value0": 1.0,
                        "value1": -2.5950407261896029,
                        "value2": 3.2753508632384844,
                        "value3": -2.6843343970694715,
                        "value4": 1.594542272393447,
                        "value5": -0.65391676391335,
                        "value6": 0.1474529560901242
                    }
                },
                "impedance": {
                    "b": {
                        "value0": 1.2071587090485155,
                        "value1": -2.849601170982503,
                        "value2": 3.5145611828954359,
                        "value3": -3.0247649244401129,
                        "value4": 1.8218451001903596,
                        "value5": -0.6450493421479339,
                        "value6": 0.126762136212558
                    },
                    "a": {
                        "value0": 1.0,
                        "value1": -2.8780655681624629,
                        "value2": 3.7146580000909585,
                        "value3": -2.899987118050267,
                        "value4": 1.6975627632688478,
                        "value5": -0.7982487383162386,
                        "value6": 0.19868993999670804
                    }
                }
            }
        }
    ]
}