{
    "value0": [
        {
            "sloping_fitted_0": {
                "reflectance": {
                    "b": {
                        "value0": 0.04113633197510998,
                        "value1": 0.059410072289691018,
                        "value2": 0.008864824762030356,
                        "value3": -0.05216890967315141,
                        "value4": -0.04719680441078225,
                        "value5": 0.007298308158273058,
                        "value6": 0.023223411000206016
                    },
                    "a": {
                        "value0": 1.0,
                        "value1": -1.8555864796213065,
                        "value2": 1.439173446436703,
                        "value3": -0.886699043388919,
                        "value4": 0.4720482399313006,
                        "value5": -0.12576134663985678,
                        "value6": 0.011299435714925368
                    }
                },
                "impedance": {
                    "b": {
                        "value0": 1.0858022539530453,
                        "value1": -1.8732343994547834,
                        "value2": 1.5101607449382948,
                        "value3": -0.9791464463305744,
                        "value4": 0.443078040901942,
                        "value5": -0.12354523633750683,
                        "value6": 0.03600391574564826
                    },
                    "a": {
                        "value0": 1.0,
                        "value1": -1.9971520621441344,
                        "value2": 1.491670473468753,
                        "value3": -0.8703324169480422,
                        "value4": 0.5415212419213327,
                        "value5": -0.13876806394407668,
                        "value6": -0.012435527263059392
                    }
                }
            }
        },
        {
            "sloping_fitted_1": {
                "reflectance": {
                    "b": {
                        "value0": 0.6499504696881004,
                        "value1": -0.08764675257806269,
                        "value2": -0.38240933764026238,
                        "value3": -0.08034348252067177,
                        "value4": -0.13629527656450919,
                        "value5": 0.1385045553221124,
                        "value6": 0.013376419220365367
                    },
                    "a": {
                        "value0": 1.0,
                        "value1": -0.6956044921999356,
                        "value2": 0.19392779345472223,
                        "value3": -0.4867242416168287,
                        "value4": 0.1098755863260747,
                        "value5": 0.03552049320594204,
                        "value6": 0.023128477014423476
                    }
                },
                "impedance": {
                    "b": {
                        "value0": 4.713477170553461,
                        "value1": -2.237544052923337,
                        "value2": -0.5384424998873736,
                        "value3": -1.6199642480086585,
                        "value4": -0.07547414851519475,
                        "value5": 0.49714407093474868,
                        "value6": 0.10428494562544454
                    },
                    "a": {
                        "value0": 1.0,
                        "value1": -1.7367763329954283,
                        "value2": 1.6464445205267358,
                        "value3": -1.1609235948240393,
                        "value4": 0.7032458025903986,
                        "value5": -0.2941985439157994,
                        "value6": 0.027859079786134473
                    }
                }
            }
        },
        {
            "sudden": {
                "reflectance": {
                    "b": {
                        "value0": 0.09385764068490142,
                        "value1": 0.012896398008643369,
                        "value2": -0.09065810101252747,
                        "value3": -0.056533227936097819,
                        "value4": 0.05630874499955021,
                        "value5": 0.0694102311448524,
                        "value6": -0.032588414910670517
                    },
                    "a": {
                        "value0": 1.0,
                        "value1": -2.595040726189586,
                        "value2": 3.2753508632384689,
                        "value3": -2.684334397069464,
                        "value4": 1.5945422723934475,
                        "value5": -0.6539167639133493,
                        "value6": 0.14745295609012355
                    }
                },
                "impedance": {
                    "b": {
                        "value0": 1.207158709048417,
                        "value1": -2.8496011709822706,
                        "value2": 3.5145611828952227,
                        "value3": -3.0247649244399388,
                        "value4": 1.8218451001901975,
                        "value5": -0.6450493421478409,
                        "value6": 0.12676213621254016
                    },
                    "a": {
                        "value0": 0.9999999999999999,
                        "value1": -2.8780655681624025,
                        "value2": 3.714658000090814,
                        "value3": -2.8999871180501608,
                        "value4": 1.6975627632688535,
                        "value5": -0.7982487383162656,
                        "value6": 0.19868993999670987
                    }
                }
            }
        }
    ]
}